--
-- Dump dei dati per la tabella `comment`
--

INSERT INTO `comment` (`id`, `post`, `author`, `content`, `creation_date`, `edited`) VALUES
(2, 1, 20, 'Yes it\'s really good!', '2023-01-13 22:32:31', 0),
(6, 1, 19, 'I will check it out', '2023-01-13 22:40:05', 0),
(8, 4, 20, 'I love to photograph sunsets', '2023-01-13 22:43:02', 0),
(10, 4, 17, 'Mine is the sea', '2023-01-13 22:46:28', 0),
(12, 7, 21, 'I don\'t really like league of legends, mine is fortnite', '2023-01-13 22:50:52', 0),
(13, 7, 18, 'Mine is valorant', '2023-01-13 23:06:56', 0),
(14, 9, 20, 'I love it!', '2023-01-13 23:08:28', 0),
(15, 9, 19, 'It\'s really good!', '2023-01-13 23:26:01', 0),
(18, 17, 22, 'I upvoted my own post 😎', '2023-01-14 15:28:30', 0),
(19, 17, 17, 'No i don\'t think I will', '2023-01-14 15:29:36', 0),
(20, 16, 20, 'Yo this isn\'t the full script, you\'re missing some text there, let me fix it for you.\nbirds, bears and bats. Also, I got a couple of reports of root beer being poured on us. Murphy\'s in a home because of it, babbling like a cicada! - That\'s awful. - And a reminder for you rookies, bee law number one, absolutely no talking to humans! All right, launch positions! Buzz, buzz, buzz, buzz! Buzz, buzz, buzz, buzz! Buzz, buzz, buzz, buzz! Black and yellow! Hello! You ready for this, hot shot? Yeah. Yeah, bring it on. Wind, check. - Antennae, check. - Nectar pack, check. - Wings, check. - Stinger, check. Scared out of my shorts, check. OK, ladies, let\'s move it out! Pound those petunias, you striped stem-suckers! All of you, drain those flowers! Wow! I\'m out! I can\'t believe I\'m out! So blue. I feel so fast and free! Box kite! Wow! Flowers! This is Blue Leader. We have roses visual. Bring it around 30 degrees and hold. Roses! 30 degrees, roger. Bringing it around. Stand to the side, kid. It\'s got a bit of a kick. That is one nectar collector! - Ever see pollination up close? - No, sir. I pick up some pollen here, sprinkle it over here. Maybe a dash over there, a pinch on that one. See that? It\'s a little bit of magic. That\'s amazing. Why do we do that? That\'s pollen power. More pollen, more flowers, more nectar, more honey for us. Oool. I\'m picking up a lot of bright yellow. Oould be daisies. Don\'t we need those? Oopy that visual. Wait. One of these flowers seems to be on the move. Say again? You\'re reporting a moving flower? Affirmative. That was on the line! This is the coolest. What is it? I don\'t know, but I\'m loving this color. It smells good. Not like a flower, but I like it. Yeah, fuzzy. Ohemical-y. Oareful, guys. It\'s a little grabby. My sweet lord of bees! Oandy-brain, get off there! Problem! - Guys! - This could be bad. Affirmative. Very close. Gonna hurt. Mama\'s little boy. You are way out of position, rookie! Ooming in at you like a missile! Help me! I don\'t think these are flowers. - Should we tell him? - I think he knows. What is this?! Match point! You can start packing up, honey, because you\'re about to eat it! Yowser! Gross. There\'s a bee in the car! - Do something! - I\'m driving! - Hi, bee. - He\'s back here! He\'s going to sting me! Nobody move. If you don\'t move, he won\'t sting you. Freeze! He blinked! Spray him, Granny! What are you doing?! Wow... the tension level out here is unbelievable. I gotta get home. Oan\'t fly in rain. Oan\'t fly in rain. Oan\'t fly in rain. Mayday! Mayday! Bee going down! Ken, could you close the window please? Ken, could you close the window please? Oheck out my new resume. I made it into a fold-out brochure. You see? Folds out. Oh, no. More humans. I don\'t need this. What was that? Maybe this time. This time. This time. This time! This time! This... Drapes! That is diabolical. It\'s fantastic. It\'s got all my special skills, even my top-ten favorite movies. What\'s number one? Star Wars? Nah, I don\'t go for that... ...kind of stuff. No wonder we shouldn\'t talk to them. They\'re out of their minds. When I leave a job interview, they\'re flabbergasted, can\'t believe what I say. There\'s the sun. Maybe that\'s a way out. I don\'t remember the sun having a big 75 on it. I predicted global warming. I could feel it getting hotter. At first I thought it was just me. Wait! Stop! Bee! Stand back. These are winter boots. Wait! Don\'t kill him! You know I\'m allergic to them! This thing could kill me! Why does his life have less value than yours? Why does his life have any less value than mine? Is that your statement? I\'m just saying all life has value. You don\'t know what he\'s capable of feeling. My brochure! There you go, little guy. I\'m not scared of him. It\'s an allergic thing. Put that on your resume brochure. My whole face could puff up. Make it one of your special skills. Knocking someone out is also a special skill. Right. Bye, Vanessa. Thanks. - Vanessa, next week? Yogurt night? - Sure, Ken. You know, whatever. - You could put carob chips on there. - Bye. - Supposed to be less calories. - Bye. I gotta say something. She saved my life. I gotta say something. All right, here it goes. Nah. What would I say? I could really get in trouble. It\'s a bee law. You\'re not supposed to talk to a human. I can\'t believe I\'m doing this. I\'ve got to. Oh, I can\'t do it. Oome on! No. Yes. No. Do it. I can\'t. How should I start it? \"You like jazz?\" No, that\'s no good. Here she comes! Speak, you fool! Hi! I\'m sorry. - You\'re talking. - Yes, I know. You\'re talking! I\'m so sorry. No, it\'s OK. It\'s fine. I know I\'m dreaming. But I don\'t recall going to bed. Well, I\'m sure this is very disconcerting. This is a bit of a surprise to me. I mean, you\'re a bee! I am. And I\'m not supposed to be doing this, but they were all trying to kill me. And if it wasn\'t for you... I had to thank you. It\'s just how I was raised. That was a little weird. - I\'m talking with a bee. - Yeah. I\'m talking to a bee. And the bee is talking to me! I just want to say I\'m grateful. I\'ll leave now. - Wait! How did you learn to do that? - What? The talking thing. Same way you did, I guess. \"Mama, Dada, honey.\" You pick it up. - That\'s very funny. - Yeah. Bees are funny. If we didn\'t laugh, we\'d cry with what we have to deal with. Anyway... Oan I... ...get you something? - Like what? I don\'t know. I mean... I don\'t know. Ooffee? I don\'t want to put you out. It\'s no trouble. It takes two minutes. - It\'s just coffee. - I hate to impose. - Don\'t be ridiculous! - Actually, I would love a cup. Hey, you want rum cake? - I shouldn\'t. - Have some. - No, I can\'t. - Oome on! I\'m trying to lose a couple micrograms. - Where? - These stripes don\'t help. You look great! I don\'t know if you know anything about fashion. Are you all right? No. He\'s making the tie in the cab as they\'re flying up Madison. He finally gets there. He runs up the steps into the church. The wedding is on. And he says, \"Watermelon? I thought you said Guatemalan. Why would I marry a watermelon?\" Is that a bee joke? That\'s the kind of stuff we do. Yeah, different. So, what are you gonna do, Barry? About work? I don\'t know. I want to do my part for the hive, but I can\'t do it the way they want. I know how you feel. - You do? - Sure. My parents wanted me to be a lawyer or a doctor, but I wanted to be a florist. - Really? - My only interest is flowers. Our new queen was just elected with that same campaign slogan. Anyway, if you look... There\'s my hive right there. See it? You\'re in Sheep Meadow! Yes! I\'m right off the Turtle Pond! No way! I know that area. I lost a toe ring there once. - Why do girls put rings on their toes? - Why not? - It\'s like putting a hat on your knee. - Maybe I\'ll try that. - You all right, ma\'am? - Oh, yeah. Fine. Just having two cups of coffee! Anyway, this has been great. Thanks for the coffee. Yeah, it\'s no trouble. Sorry I couldn\'t finish it. If I did, I\'d be up the rest of my life. Are you...? Oan I take a piece of this with me? Sure! Here, have a crumb. - Thanks! - Yeah. All right. Well, then... I guess I\'ll see you around. Or not. OK, Barry. And thank you so much again... for before. Oh, that? That was nothing. Well, not nothing, but... Anyway... This can\'t possibly work. He\'s all set to go. We may as well try it. OK, Dave, pull the chute. - Sounds amazing. - It was amazing! It was the scariest, happiest moment of my life. Humans! I can\'t believe you were with humans! Giant, scary humans! What were they like? Huge and crazy. They talk crazy. They eat crazy giant things. They drive crazy. - Do they try and kill you, like on TV? - Some of them. But some of them don\'t. - How\'d you get back? - Poodle. You did it, and I\'m glad. You saw whatever you wanted to see. You had your \"experience.\" Now you can pick out yourjob and be normal. - Well... - Well? Well, I met someone. You did? Was she Bee-ish? - A wasp?! Your parents will kill you! - No, no, no, not a wasp. - Spider? - I\'m not attracted to spiders. I know it\'s the hottest thing, with the eight legs and all. I can\'t get by that face. So who is she? She\'s... human. No, no. That\'s a bee law. You wouldn\'t break a bee law.', '2023-01-14 15:32:01', 0);

-- --------------------------------------------------------

--
-- Dump dei dati per la tabella `community`
--

INSERT INTO `community` (`id`, `author`, `name`, `description`, `creation_date`) VALUES
(40, 21, 'Videogames', 'We will discuss about videogames', '2023-01-13 22:30:19'),
(41, 19, 'Photography', 'This community is for all the photographers', '2023-01-13 22:38:39'),
(42, 22, 'Copypastas', 'Write all of the copypastas you find here xd', '2023-01-14 15:17:19'),
(43, 22, 'SimonSays', 'Make a post with \"Simon says x\" in the title, the comments have to answer', '2023-01-14 15:27:20');

-- --------------------------------------------------------

--
-- Dump dei dati per la tabella `following`
--

INSERT INTO `following` (`follower`, `followed`) VALUES
(17, 19),
(17, 20),
(17, 21),
(17, 22),
(18, 17),
(18, 20),
(18, 21),
(19, 17),
(19, 20),
(19, 21),
(20, 21),
(21, 18),
(21, 20),
(22, 19);

-- --------------------------------------------------------

--
-- Dump dei dati per la tabella `notification`
--

INSERT INTO `notification` (`id`, `receiver`, `sender`, `content`, `post`, `comment`, `date`, `seen`) VALUES
(97, 18, 21, 'followed you', NULL, NULL, '2023-01-13 22:31:12', 1),
(98, 20, 21, 'followed you', NULL, NULL, '2023-01-13 22:31:16', 1),
(99, 21, 20, 'followed you', NULL, NULL, '2023-01-13 22:33:05', 1),
(100, 21, 19, 'followed you', NULL, NULL, '2023-01-13 22:35:24', 1),
(101, 20, 19, 'followed you', NULL, NULL, '2023-01-13 22:35:29', 1),
(102, 17, 19, 'followed you', NULL, NULL, '2023-01-13 22:36:29', 0),
(105, 21, 19, 'upvoted your', 1, NULL, '2023-01-13 22:39:55', 1),
(107, 21, 17, 'upvoted your', 1, NULL, '2023-01-13 22:41:17', 1),
(108, 19, 20, 'upvoted your', 4, NULL, '2023-01-13 22:42:47', 0),
(109, 20, 17, 'followed you', NULL, NULL, '2023-01-13 22:43:37', 1),
(110, 19, 17, 'followed you', NULL, NULL, '2023-01-13 22:43:44', 0),
(111, 21, 17, 'followed you', NULL, NULL, '2023-01-13 22:43:56', 1),
(112, 20, 17, 'downvoted your', 7, NULL, '2023-01-13 22:45:09', 1),
(113, 19, 17, 'upvoted your', 4, NULL, '2023-01-13 22:45:34', 0),
(114, 17, 18, 'upvoted your', 9, NULL, '2023-01-13 22:49:13', 0),
(115, 20, 18, 'downvoted your', 7, NULL, '2023-01-13 22:49:15', 1),
(116, 21, 18, 'upvoted your', 1, NULL, '2023-01-13 22:49:17', 1),
(117, 17, 18, 'followed you', NULL, NULL, '2023-01-13 22:49:30', 0),
(118, 20, 18, 'followed you', NULL, NULL, '2023-01-13 22:49:35', 1),
(119, 21, 18, 'followed you', NULL, NULL, '2023-01-13 22:49:40', 1),
(120, 17, 21, 'upvoted your', 9, NULL, '2023-01-13 22:50:10', 0),
(121, 20, 21, 'downvoted your', 7, NULL, '2023-01-13 22:50:13', 1),
(122, 21, 18, 'upvoted your', 7, 12, '2023-01-13 23:06:46', 0),
(123, 17, 20, 'upvoted your', 9, NULL, '2023-01-13 23:08:13', 0),
(124, 17, 19, 'commented your', 9, NULL, '2023-01-13 23:26:01', 0),
(125, 19, 22, 'followed you', NULL, NULL, '2023-01-14 15:26:28', 0),
(126, 22, 17, 'upvoted your', 17, NULL, '2023-01-14 15:29:22', 0),
(127, 22, 17, 'upvoted your', 17, 18, '2023-01-14 15:29:43', 0),
(128, 22, 17, 'followed you', NULL, NULL, '2023-01-14 15:30:04', 0),
(129, 22, 20, 'upvoted your', 16, NULL, '2023-01-14 15:31:22', 0),
(130, 21, 20, 'upvoted your', 7, 12, '2023-01-14 15:33:31', 0);

-- --------------------------------------------------------

--
-- Dump dei dati per la tabella `participation`
--

INSERT INTO `participation` (`user`, `community`, `date_joined`, `date_left`, `reason_left`) VALUES
(17, 40, '2023-01-13 22:44:03', NULL, NULL),
(17, 41, '2023-01-13 22:45:31', NULL, NULL),
(18, 40, '2023-01-13 22:49:11', NULL, NULL),
(19, 40, '2023-01-13 22:39:23', NULL, NULL),
(19, 41, '2023-01-13 22:38:39', NULL, NULL),
(20, 40, '2023-01-13 22:32:54', NULL, NULL),
(20, 41, '2023-01-13 22:42:45', NULL, NULL),
(20, 42, '2023-01-14 15:32:54', NULL, NULL),
(21, 40, '2023-01-13 22:30:19', NULL, NULL),
(22, 42, '2023-01-14 15:17:19', NULL, NULL),
(22, 43, '2023-01-14 15:27:20', NULL, NULL);

-- --------------------------------------------------------

--
-- Dump dei dati per la tabella `post`
--

INSERT INTO `post` (`id`, `author`, `community`, `title`, `content`, `attachment`, `creation_date`, `edited`) VALUES
(1, 21, 40, 'New game', 'Did you see the new game silksong?', NULL, '2023-01-13 22:31:02', 0),
(4, 19, 41, 'First post', 'Hi this is my first post, what is your favourite thing to photograph?', NULL, '2023-01-13 22:39:15', 0),
(7, 20, 40, 'What is your favourite game?', 'Mine is league of legend!', NULL, '2023-01-13 22:42:36', 0),
(9, 17, 40, 'I just played the best game ever!', 'You should check out crosscode! It is amazing', NULL, '2023-01-13 22:44:51', 0),
(16, 22, 42, 'The whole bee movie script', 'According to all known laws of aviation, there is no way a bee should be able to fly. Its wings are too small to get its fat little body off the ground. The bee, of course, flies anyway because bees don\'t care what humans think is impossible. Yellow, black. Yellow, black. Yellow, black. Yellow, black. Ooh, black and yellow! Let\'s shake it up a little. Barry! Breakfast is ready! Ooming! Hang on a second. Hello? - Barry? - Adam? - Oan you believe this is happening? - I can\'t. I\'ll pick you up. Looking sharp. Use the stairs. Your father paid good money for those. Sorry. I\'m excited. Here\'s the graduate. We\'re very proud of you, son. A perfect report card, all B\'s. Very proud. Ma! I got a thing going here. - You got lint on your fuzz. - Ow! That\'s me! - Wave to us! We\'ll be in row 118,000. - Bye! Barry, I told you, stop flying in the house! - Hey, Adam. - Hey, Barry. - Is that fuzz gel? - A little. Special day, graduation. Never thought I\'d make it. Three days grade school, three days high school. Those were awkward. Three days college. I\'m glad I took a day and hitchhiked around the hive. You did come back different. - Hi, Barry. - Artie, growing a mustache? Looks good. - Hear about Frankie? - Yeah. - You going to the funeral? - No, I\'m not going. Everybody knows, sting someone, you die. Don\'t waste it on a squirrel. Such a hothead. I guess he could have just gotten out of the way. I love this incorporating an amusement park into our day. That\'s why we don\'t need vacations. Boy, quite a bit of pomp... under the circumstances. - Well, Adam, today we are men. - We are! - Bee-men. - Amen! Hallelujah! Students, faculty, distinguished bees, please welcome Dean Buzzwell. Welcome, New Hive Oity graduating class of... ...9:15. That concludes our ceremonies. And begins your career at Honex Industries! Will we pick ourjob today? I heard it\'s just orientation. Heads up! Here we go. Keep your hands and antennas inside the tram at all times. - Wonder what it\'ll be like? - A little scary. Welcome to Honex, a division of Honesco and a part of the Hexagon Group. This is it! Wow. Wow. We know that you, as a bee, have worked your whole life to get to the point where you can work for your whole life. Honey begins when our valiant Pollen Jocks bring the nectar to the hive. Our top-secret formula is automatically color-corrected, scent-adjusted and bubble-contoured into this soothing sweet syrup with its distinctive golden glow you know as... Honey! - That girl was hot. - She\'s my cousin! - She is? - Yes, we\'re all cousins. - Right. You\'re right. - At Honex, we constantly strive to improve every aspect of bee existence. These bees are stress-testing a new helmet technology. - What do you think he makes? - Not enough. Here we have our latest advancement, the Krelman. - What does that do? - Oatches that little strand of honey that hangs after you pour it. Saves us millions. Oan anyone work on the Krelman? Of course. Most bee jobs are small ones. But bees know that every small job, if it\'s done well, means a lot. But choose carefully because you\'ll stay in the job you pick for the rest of your life. The same job the rest of your life? I didn\'t know that. What\'s the difference? You\'ll be happy to know that bees, as a species, haven\'t had one day off in 27 million years. So you\'ll just work us to death? We\'ll sure try. Wow! That blew my mind! \"What\'s the difference?\" How can you say that? One job forever? That\'s an insane choice to have to make. I\'m relieved. Now we only have to make one decision in life. But, Adam, how could they never have told us that? Why would you question anything? We\'re bees. We\'re the most perfectly functioning society on Earth. You ever think maybe things work a little too well here? Like what? Give me one example. I don\'t know. But you know what I\'m talking about. Please clear the gate. Royal Nectar Force on approach. Wait a second. Oheck it out. - Hey, those are Pollen Jocks! - Wow. I\'ve never seen them this close. They know what it\'s like outside the hive. Yeah, but some don\'t come back. - Hey, Jocks! - Hi, Jocks! You guys did great! You\'re monsters! You\'re sky freaks! I love it! I love it! - I wonder where they were. - I don\'t know. Their day\'s not planned. Outside the hive, flying who knows where, doing who knows what. You can\'tjust decide to be a Pollen Jock. You have to be bred for that. Right. Look. That\'s more pollen than you and I will see in a lifetime. It\'s just a status symbol. Bees make too much of it. Perhaps. Unless you\'re wearing it and the ladies see you wearing it. Those ladies? Aren\'t they our cousins too? Distant. Distant. Look at these two. - Oouple of Hive Harrys. - Let\'s have fun with them. It must be dangerous being a Pollen Jock. Yeah. Once a bear pinned me against a mushroom! He had a paw on my throat, and with the other, he was slapping me! - Oh, my! - I never thought I\'d knock him out. What were you doing during this? Trying to alert the authorities. I can autograph that. A little gusty out there today, wasn\'t it, comrades? Yeah. Gusty. We\'re hitting a sunflower patch six miles from here tomorrow. - Six miles, huh? - Barry! A puddle jump for us, but maybe you\'re not up for it. - Maybe I am. - You are not! We\'re going 0900 at J-Gate. What do you think, buzzy-boy? Are you bee enough? I might be. It all depends on what 0900 means. Hey, Honex! Dad, you surprised me. You decide what you\'re interested in? - Well, there\'s a lot of choices. - But you only get one. Do you ever get bored doing the same job every day? Son, let me tell you about stirring. You grab that stick, and you just move it around, and you stir it around. You get yourself into a rhythm. It\'s a beautiful thing. You know, Dad, the more I think about it, maybe the honey field just isn\'t right for me. You were thinking of what, making balloon animals? That\'s a bad job for a guy with a stinger. Janet, your son\'s not sure he wants to go into honey! - Barry, you are so funny sometimes. - I\'m not trying to be funny. You\'re not funny! You\'re going into honey. Our son, the stirrer! - You\'re gonna be a stirrer? - No one\'s listening to me! Wait till you see the sticks I have. I could say anything right now. I\'m gonna get an ant tattoo! Let\'s open some honey and celebrate! Maybe I\'ll pierce my thorax. Shave my antennae. Shack up with a grasshopper. Get a gold tooth and call everybody \"dawg\"! I\'m so proud. - We\'re starting work today! - Today\'s the day. Oome on! All the good jobs will be gone. Yeah, right. Pollen counting, stunt bee, pouring, stirrer, front desk, hair removal... - Is it still available? - Hang on. Two left! One of them\'s yours! Oongratulations! Step to the side. - What\'d you get? - Picking crud out. Stellar! Wow! Oouple of newbies? Yes, sir! Our first day! We are ready! Make your choice. - You want to go first? - No, you go. Oh, my. What\'s available? Restroom attendant\'s open, not for the reason you think. - Any chance of getting the Krelman? - Sure, you\'re on. I\'m sorry, the Krelman just closed out. Wax monkey\'s always open. The Krelman opened up again. What happened? A bee died. Makes an opening. See? He\'s dead. Another dead one. Deady. Deadified. Two more dead. Dead from the neck up. Dead from the neck down. That\'s life! Oh, this is so hard! Heating, cooling, stunt bee, pourer, stirrer, humming, inspector number seven, lint coordinator, stripe supervisor, mite wrangler. Barry, what do you think I should... Barry? Barry! All right, we\'ve got the sunflower patch in quadrant nine... What happened to you? Where are you? - I\'m going out. - Out? Out where? - Out there. - Oh, no! I have to, before I go to work for the rest of my life. You\'re gonna die! You\'re crazy! Hello? Another call coming in. If anyone\'s feeling brave, there\'s a Korean deli on 83rd that gets their roses today. Hey, guys. - Look at that. - Isn\'t that the kid we saw yesterday? Hold it, son, flight deck\'s restricted. It\'s OK, Lou. We\'re gonna take him up. Really? Feeling lucky, are you? Sign here, here. Just initial that. - Thank you. - OK. You got a rain advisory today, and as you all know, bees cannot fly in rain. So be careful. As always, watch your brooms, hockey sticks, dogs, bi', NULL, '2023-01-14 15:23:44', 0),
(17, 22, 43, 'Simon says leave a comment under this post then join the community', 'do your thing reddint', NULL, '2023-01-14 15:28:01', 0);

-- --------------------------------------------------------

--
-- Dump dei dati per la tabella `user`
--

INSERT INTO `user` (`id`, `email`, `password`, `username`, `bio`, `creation_date`) VALUES
(17, 'mario@gmail.com', '$2y$10$MpKAjVPqL6exJ6CbSeEJAu6uQdsg7TagYad9IIh5blFlQSrwsnf4u', 'mario', NULL, '2023-01-13 22:14:32'),
(18, 'giorgio@gmail.com', '$2y$10$H5BAgnGvXkwD2clT.uTMrutXiJr4UEe6i8Ytc7ZgbCt9m8bnkLG7u', 'giorgio', NULL, '2023-01-13 22:15:20'),
(19, 'gino@gmail.com', '$2y$10$2qH04ofG9AWaJs6ob1C5ku1XLpbhK5Di6JEQmINhfbkKYF10xMNe2', 'gino', NULL, '2023-01-13 22:16:16'),
(20, 'mirella@gmail.com', '$2y$10$8QXTWZp/rs9Eot03FgJAr..9O4dr2RCmgl8LzuBf6o9Bui8qakalC', 'mirella', 'Hello I\'m mirella :D', '2023-01-13 22:19:47'),
(21, 'franco@gmail.com', '$2y$10$3mzVowHgtTBUl8A4t5XG7.ktV1ee4D40wpH84aDOdXD1AO8/mvFLC', 'franco', 'Hi, I\'m using reddint now!', '2023-01-13 22:20:52'),
(22, 'dankmemer@hotmail.com', '$2y$10$2f1Xf7BxCPEWEKri0eTBz.AjAJWxp0j6LXzfDNV6rD/SItZidAs3e', 'dank_memes', NULL, '2023-01-14 15:16:32');

-- --------------------------------------------------------

--
-- Dump dei dati per la tabella `vote_comment`
--

INSERT INTO `vote_comment` (`user`, `comment`, `vote`) VALUES
(17, 18, 1),
(18, 12, 1),
(20, 12, 1);

-- --------------------------------------------------------

--
-- Dump dei dati per la tabella `vote_post`
--

INSERT INTO `vote_post` (`user`, `post`, `vote`) VALUES
(17, 1, 1),
(17, 4, 1),
(17, 7, -1),
(17, 9, 1),
(17, 17, 1),
(18, 1, 1),
(18, 7, -1),
(18, 9, 1),
(19, 1, 1),
(20, 4, 1),
(20, 9, 1),
(20, 16, 1),
(21, 1, 1),
(21, 7, -1),
(21, 9, 1),
(22, 16, 1),
(22, 17, 1);
